方案,Stars,Forks,仓库,范围,OpenAlex条目引用,条目URL,DOI,引用口径,机构,日期
SERL,862,119,https://github.com/rail-berkeley/serl,官方仓库页面数值；k为约数；不等于使用或复现团队数,41,https://openalex.org/W4401416214,https://doi.org/10.1109/icra57147.2024.10610040,ICRA 2024 DOI条目,UC Berkeley；University of Washington；Stanford University；Intrinsic,2026-09-22
HIL-SERL,1.5k,210,https://github.com/rail-berkeley/hil-serl,官方仓库页面数值；k为约数；不等于使用或复现团队数,62,https://openalex.org/W4413362511,https://doi.org/10.1126/scirobotics.ads5033,Science Robotics 2025 DOI条目,UC Berkeley,2026-09-22
AutoSERL,23,0,https://github.com/autoserl/AutoSERL,官方仓库页面数值；k为约数；不等于使用或复现团队数,0,https://openalex.org/W7167279462,https://doi.org/10.1007/978-3-032-37038-9_3,Springer DOI条目；新近收录,CAS Institute of Automation；BAAI；PKU-PsiBot Joint Lab；UCAS；Peking University,2026-09-22
RLPD,414,43,https://github.com/ikostrikov/rlpd,官方仓库页面数值；k为约数；不等于使用或复现团队数,13,https://openalex.org/W4319453704,https://doi.org/10.48550/arxiv.2302.02948,仅arXiv条目；不能视为ICML全部引用,UC Berkeley,2026-09-22
DSRL,227,31,https://github.com/ajwagen/dsrl,通用dsrl仓库；dsrl_pi0另仓快照295 stars/55 forks，不相加为用户数,0,https://openalex.org/W4415164172,https://doi.org/10.48550/arxiv.2506.15799,仅arXiv条目,UC Berkeley；University of Washington；Amazon,2026-09-22
ResFiT,153,24,https://github.com/amazon-far/residual-offpolicy-rl,官方仓库页面数值；k为约数；不等于使用或复现团队数,0,https://openalex.org/W4415251629,https://doi.org/10.48550/arxiv.2509.19301,仅arXiv条目,Amazon FAR；Stanford University；Carnegie Mellon University；UC Berkeley,2026-09-22
RLT / RL Token,未知/未获取,未知/未获取,未知/未核实,未把开放基座/另一版本/第三方复现的stars归给原方案,未知/未核实,未知/未核实,未知/未核实,未找到可可靠匹配且采集的条目；不记为0,Physical Intelligence（方法原作者）；实现另属RLinf团队与Yyshadow/openpi-RLT团队,2026-09-22
DayDreamer,459,46,https://github.com/danijar/daydreamer,官方仓库页面数值；k为约数；不等于使用或复现团队数,47,https://openalex.org/W4283721947,https://doi.org/10.48550/arxiv.2206.14176,仅arXiv条目；未汇总CoRL/PMLR,UC Berkeley为主，Dreamer作者合作,2026-09-22
TD-MPC2,969,211,https://github.com/nicklashansen/tdmpc2,官方仓库页面数值；k为约数；不等于使用或复现团队数,8,https://openalex.org/W4387964172,https://doi.org/10.48550/arxiv.2310.16828,仅arXiv条目；未汇总ICLR,UC San Diego,2026-09-22
FLaRe,49,2,https://github.com/JiahengHu/FLaRe,官方仓库页面数值；k为约数；不等于使用或复现团队数,10,https://openalex.org/W4413925032,https://doi.org/10.1109/icra55743.2025.11127934,ICRA 2025 DOI条目,Allen Institute for AI；University of Texas at Austin；University of Washington；Sony AI,2026-09-22
Leave No Trace (LNT),未知/未获取,未知/未获取,未知/未核实,官方仓库页面数值；k为约数；不等于使用或复现团队数,24,https://openalex.org/W2769541360,https://doi.org/10.48550/arxiv.1711.06782,仅arXiv条目；未汇总ICLR,Google Brain；UC Berkeley,2026-09-22
R3L — The Ingredients of Real-World Robotic Reinforcement Learning,未知/未获取,未知/未获取,未知/未核实,官方仓库页面数值；k为约数；不等于使用或复现团队数,26,https://openalex.org/W2995058766,https://doi.org/10.48550/arxiv.2004.12570,仅arXiv条目,UC Berkeley；University of Oxford；University of Washington,2026-09-22
MTRF — Reset-Free RL via Multi-Task Learning,7,3,https://github.com/facebookresearch/MTRF,官方仓库页面数值；k为约数；不等于使用或复现团队数,9,https://openalex.org/W3152791938,https://doi.org/10.1109/icra48506.2021.9561384,ICRA 2021 DOI条目,UC Berkeley；University of Washington,2026-09-22
ReLMM — Fully Autonomous Real-World RL with Applications to Mobile Manipulation,23,0,https://github.com/charlesjsun/ReLMM,官方仓库页面数值；k为约数；不等于使用或复现团队数,15,https://openalex.org/W3216930691,https://doi.org/10.48550/arxiv.2107.13545,仅arXiv条目；未汇总CoRL/PMLR,UC Berkeley BAIR,2026-09-22
ARIEL — Don’t Start From Scratch,未知/未获取,未知/未获取,未知/未核实,官方仓库页面数值；k为约数；不等于使用或复现团队数,未知/未核实,未知/未核实,未知/未核实,未找到可可靠匹配且采集的条目；不记为0,UC Berkeley；UT Austin；Google,2026-09-22
MEDAL++ — Self-Improving Robots,19,3,https://github.com/rehaanahmad2013/self-improving-robots,官方仓库页面数值；k为约数；不等于使用或复现团队数,2,https://openalex.org/W4323076570,https://doi.org/10.48550/arxiv.2303.01488,仅arXiv条目；未汇总CoRL/PMLR,Stanford University,2026-09-22
RoboFuME — Robot Fine-Tuning Made Easy,未知/未获取,未知/未获取,未知/未核实,官方仓库页面数值；k为约数；不等于使用或复现团队数,15,https://openalex.org/W4401415522,https://doi.org/10.1109/icra57147.2024.10610421,ICRA 2024 DOI条目,Stanford University,2026-09-22
GEAR — Guided Exploration for Autonomous Reinforcement Learning,未知/未获取,未知/未获取,未知/未核实,官方仓库页面数值；k为约数；不等于使用或复现团队数,未知/未核实,未知/未核实,未知/未核实,未找到可可靠匹配且采集的条目；不记为0,University of Washington；MIT,2026-09-22
RISC — Intelligent Switching in Reset-Free RL,4,1,https://github.com/chandar-lab/RISC,官方仓库页面数值；k为约数；不等于使用或复现团队数,未知/未核实,未知/未核实,未知/未核实,未找到可可靠匹配且采集的条目；不记为0,Mila；Université de Montréal；Dalhousie University；Polytechnique Montréal,2026-09-22
MoReFree — Reset-free Reinforcement Learning with World Models,4,0,https://github.com/yangzhao-666/MoReFree,官方仓库页面数值；k为约数；不等于使用或复现团队数,0,https://openalex.org/W4403006732,https://doi.org/10.48550/arxiv.2408.09807,仅arXiv条目,"Leiden University；GRASP Laboratory, University of Pennsylvania",2026-09-22
Continuously Improving Mobile Manipulation with Autonomous Real-World RL,未知/未获取,未知/未获取,未知/未核实,官方仓库页面数值；k为约数；不等于使用或复现团队数,未知/未核实,未知/未核实,未知/未核实,未找到可可靠匹配且采集的条目；不记为0,Carnegie Mellon University；Boston Dynamics AI Institute,2026-09-22
OWMM — Adaptive Mobile Manipulation for Articulated Objects in the Open World,未知/未获取,未知/未获取,未知/未核实,官方仓库页面数值；k为约数；不等于使用或复现团队数,未知/未核实,未知/未核实,未知/未核实,未找到可可靠匹配且采集的条目；不记为0,Carnegie Mellon University,2026-09-22
SOAR — Autonomous Improvement of Instruction Following Skills via Foundation Models,80,6,https://github.com/rail-berkeley/soar,官方仓库页面数值；k为约数；不等于使用或复现团队数,0,https://openalex.org/W4401203092,https://doi.org/10.48550/arxiv.2407.20635,仅arXiv条目；非RL邻近系统,UC Berkeley,2026-09-22
"REVOLVE — Robot Evolving via Orchestrated Loops, Verification, and Experience",未知/未获取,未知/未获取,未知/未核实,官方仓库页面数值；k为约数；不等于使用或复现团队数,未知/未核实,未知/未核实,未知/未核实,未找到可可靠匹配且采集的条目；不记为0,江南大学机械工程学院/江苏省先进食品制造装备与技术重点实验室,2026-09-22
π*0.6 / RECAP,未知/未获取,未知/未获取,未知/未核实,未把开放基座/另一版本/第三方复现的stars归给原方案,1,https://openalex.org/W7204808299,https://doi.org/10.15607/rss.2026.xxii.087,RSS 2026 DOI条目；新近收录,Physical Intelligence,2026-09-22
RLinf-USER,5.3k,743,https://github.com/RLinf/RLinf,RLinf整个框架，不可归因于USER单独子系统,0,https://openalex.org/W7128518653,https://doi.org/10.48550/arxiv.2602.07837,仅arXiv条目,清华大学；无问芯穹；北京理工大学；浙江大学；中关村学院；上海人工智能实验室,2026-09-22
"Probe, Learn, Distill (PLD)",216,7,https://github.com/NVlabs/ENPIRE,后续ENPIRE整仓的关注度，不是原PLD独立仓库指标,0,https://openalex.org/W4415935455,https://doi.org/10.48550/arxiv.2511.00091,仅arXiv条目；未汇总ICLR,NVIDIA；Carnegie Mellon University；UC Berkeley；UT Austin,2026-09-22
ConRFT / HIL-ConRFT,371,25,https://github.com/cccedric/conrft,官方仓库页面数值；k为约数；不等于使用或复现团队数,20,https://openalex.org/W4414079285,https://doi.org/10.15607/rss.2025.xxi.019,RSS 2025 DOI条目,中国科学院自动化研究所；中国科学院大学,2026-09-22
SimpleVLA-RL,1.9k,123,https://github.com/PRIME-RL/SimpleVLA-RL,官方仓库页面数值；k为约数；不等于使用或复现团队数,未知/未核实,未知/未核实,未知/未核实,未找到可可靠匹配且采集的条目；不记为0,清华大学等PRIME-RL合作团队；上海交通大学；北京大学；香港大学；上海人工智能实验室,2026-09-22
GR-RL,未知/未获取,未知/未获取,未知/未核实,官方仓库页面数值；k为约数；不等于使用或复现团队数,未知/未核实,未知/未核实,未知/未核实,未找到可可靠匹配且采集的条目；不记为0,ByteDance Seed,2026-09-22
GigaBrain-0.5M* / RAMP,未知/未获取,未知/未获取,未知/未核实,未把开放基座/另一版本/第三方复现的stars归给原方案,未知/未核实,未知/未核实,未知/未核实,未找到可可靠匹配且采集的条目；不记为0,GigaAI / GigaBrain Team，合作署名以报告为准,2026-09-22
GRAPE,163,8,https://github.com/aiming-lab/GRAPE,官方仓库页面数值；k为约数；不等于使用或复现团队数,1,https://openalex.org/W4405030195,https://doi.org/10.48550/arxiv.2411.19309,仅arXiv旧题名条目；未汇总ICRA新题名,UNC Chapel Hill；University of Washington；University of Chicago,2026-09-22
RL-100,363,22,https://github.com/Lei-Kun/RL-100,官方仓库页面数值；k为约数；不等于使用或复现团队数,未知/未核实,未知/未核实,未知/未核实,未找到可可靠匹配且采集的条目；不记为0,清华大学，Huazhe Xu团队及合作作者（见论文署名）,2026-09-22
RoboReward 4B/8B,未知/未获取,未知/未获取,未知/未核实,官方仓库页面数值；k为约数；不等于使用或复现团队数,0,https://openalex.org/W7118501563,https://doi.org/10.48550/arxiv.2601.00675,仅arXiv条目,Stanford University；UC Berkeley,2026-09-22
Robometer + robometer-policy-learning,262,54,https://github.com/robometer/robometer,官方仓库页面数值；k为约数；不等于使用或复现团队数,0,https://openalex.org/W7133361213,https://doi.org/10.15607/rss.2026.xxii.140,RSS 2026 DOI条目；新近收录,USC；UT Dallas；MIT；University of Washington；Ai2；NVIDIA,2026-09-22
DenseReward,未知/未获取,未知/未获取,未知/未核实,官方仓库页面数值；k为约数；不等于使用或复现团队数,未知/未核实,未知/未核实,未知/未核实,未找到可可靠匹配且采集的条目；不记为0,UNC Chapel Hill；Carnegie Mellon University；上海交通大学；Amazon AWS AI,2026-09-22
ENPIRE,216,7,https://github.com/NVlabs/ENPIRE,官方仓库页面数值；k为约数；不等于使用或复现团队数,0,https://openalex.org/W7165356838,https://doi.org/10.48550/arxiv.2606.19980,仅arXiv条目,NVIDIA；Carnegie Mellon University；UC Berkeley,2026-09-22
Failure-Aware RL (FARL),未知/未获取,未知/未获取,未知/未核实,官方仓库页面数值；k为约数；不等于使用或复现团队数,0,https://openalex.org/W7124117979,未知/未核实,标题/作者匹配，无DOI条目；覆盖有限,Shanghai Qi Zhi Institute；Shanghai Jiao Tong University；Tsinghua University；Nanyang Technological University；A*STAR；University of Maryland,2026-09-22
UniIntervene,2,0,https://github.com/Denghaoyuan123/UniIntervene,官方仓库页面数值；k为约数；不等于使用或复现团队数,0,https://openalex.org/W7164367896,https://doi.org/10.48550/arxiv.2606.12372,仅arXiv条目,Nanyang Technological University；Beijing University of Posts and Telecommunications,2026-09-22
CRONOS,未知/未获取,未知/未获取,未知/未核实,官方仓库页面数值；k为约数；不等于使用或复现团队数,未知/未核实,未知/未核实,未知/未核实,未找到可可靠匹配且采集的条目；不记为0,National Taiwan University,2026-09-22
REVERSAL-BENCH,未知/未获取,未知/未获取,未知/未核实,官方仓库页面数值；k为约数；不等于使用或复现团队数,未知/未核实,未知/未核实,未知/未核实,未找到可可靠匹配且采集的条目；不记为0,,2026-09-22
